source_file,source_page,vendor,customer,invoice_number,date,raw_date,order_date,due_date,purchase_order,sales_order,shipment_date,delivery_reference,customer_id,shipping_method,currency,line_number,sku,description,unit,quantity,unit_price,line_amount,printed_subtotal,items_sum,tax,shipping,discount,expected_total,invoice_total,difference,payment_terms,review_required,review_reasons,source_notes,source_profile,source_pages,extraction_method
01_office_supply.pdf,1,Demo Office Supply,Demo Buyer Ltd,9834562,2003-02-14,02-14-03,',',20031234-1,154135798,2003-02-14,',',',$,1,32145-12,"Pencils, box #2 red",',5.00,2.50,12.50,',497.50,47.95,0.00,0.00,545.45,527.45,-18.00,All payments due within 30 days of Invoice Date.,YES,ISO currency code not printed; Printed total differs from items + tax + shipping − discount,"Dollar symbol is printed, but no ISO currency code; currency remains $ for review.",Office supplies / tabular invoice,1,local
01_office_supply.pdf,1,Demo Office Supply,Demo Buyer Ltd,9834562,2003-02-14,02-14-03,',',20031234-1,154135798,2003-02-14,',',',$,2,78-697-24,Xerox Paper- case,',12.00,30.00,360.00,',497.50,47.95,0.00,0.00,545.45,527.45,-18.00,All payments due within 30 days of Invoice Date.,YES,ISO currency code not printed; Printed total differs from items + tax + shipping − discount,"Dollar symbol is printed, but no ISO currency code; currency remains $ for review.",Office supplies / tabular invoice,1,local
01_office_supply.pdf,1,Demo Office Supply,Demo Buyer Ltd,9834562,2003-02-14,02-14-03,',',20031234-1,154135798,2003-02-14,',',',$,3,091356-3,"Pens, box, blue finepoint",',10.00,5.00,50.00,',497.50,47.95,0.00,0.00,545.45,527.45,-18.00,All payments due within 30 days of Invoice Date.,YES,ISO currency code not printed; Printed total differs from items + tax + shipping − discount,"Dollar symbol is printed, but no ISO currency code; currency remains $ for review.",Office supplies / tabular invoice,1,local
01_office_supply.pdf,1,Demo Office Supply,Demo Buyer Ltd,9834562,2003-02-14,02-14-03,',',20031234-1,154135798,2003-02-14,',',',$,4,543-165-1,"Tape, 1in case",',3.00,12.50,37.50,',497.50,47.95,0.00,0.00,545.45,527.45,-18.00,All payments due within 30 days of Invoice Date.,YES,ISO currency code not printed; Printed total differs from items + tax + shipping − discount,"Dollar symbol is printed, but no ISO currency code; currency remains $ for review.",Office supplies / tabular invoice,1,local
01_office_supply.pdf,1,Demo Office Supply,Demo Buyer Ltd,9834562,2003-02-14,02-14-03,',',20031234-1,154135798,2003-02-14,',',',$,5,984567-12,"Staples, wire, box",',10.00,1.00,10.00,',497.50,47.95,0.00,0.00,545.45,527.45,-18.00,All payments due within 30 days of Invoice Date.,YES,ISO currency code not printed; Printed total differs from items + tax + shipping − discount,"Dollar symbol is printed, but no ISO currency code; currency remains $ for review.",Office supplies / tabular invoice,1,local
01_office_supply.pdf,1,Demo Office Supply,Demo Buyer Ltd,9834562,2003-02-14,02-14-03,',',20031234-1,154135798,2003-02-14,',',',$,6,091344-5,"Pens, box red felt tip",',5.00,4.50,22.50,',497.50,47.95,0.00,0.00,545.45,527.45,-18.00,All payments due within 30 days of Invoice Date.,YES,ISO currency code not printed; Printed total differs from items + tax + shipping − discount,"Dollar symbol is printed, but no ISO currency code; currency remains $ for review.",Office supplies / tabular invoice,1,local
01_office_supply.pdf,1,Demo Office Supply,Demo Buyer Ltd,9834562,2003-02-14,02-14-03,',',20031234-1,154135798,2003-02-14,',',',$,7,21457-3,"Mousepad, blue",',10.00,0.50,5.00,',497.50,47.95,0.00,0.00,545.45,527.45,-18.00,All payments due within 30 days of Invoice Date.,YES,ISO currency code not printed; Printed total differs from items + tax + shipping − discount,"Dollar symbol is printed, but no ISO currency code; currency remains $ for review.",Office supplies / tabular invoice,1,local
02_joinery.pdf,1,Demo Windows Ltd,Demo Builder Ltd,IN 2003/00645,2003-02-25,2003-02-25,',',S03-034257,',2003-02-24,DEL-03/55-712,',',GBP,1,236WV,236WV / Soft Prime Satin Single,',2.00,102.50,205.00,1830.00,1830.00,238.45,25.00,457.50,1635.95,1635.95,0.00,"If paid within 30 days of  Invoice Date, a prompt settlement discount of  2.5%, amount £34.94, may be deducted from the TOTAL DUE",NO,',Discount calculated from printed gross total minus printed net after discount. Printed VAT is retained; source describes a settlement-discount tax basis.,Construction / discount and settlement terms,1,local
02_joinery.pdf,1,Demo Windows Ltd,Demo Builder Ltd,IN 2003/00645,2003-02-25,2003-02-25,',',S03-034257,',2003-02-24,DEL-03/55-712,',',GBP,2,340TW,340TW / RH / Hard Stain Brass Double,',3.00,240.00,720.00,1830.00,1830.00,238.45,25.00,457.50,1635.95,1635.95,0.00,"If paid within 30 days of  Invoice Date, a prompt settlement discount of  2.5%, amount £34.94, may be deducted from the TOTAL DUE",NO,',Discount calculated from printed gross total minus printed net after discount. Printed VAT is retained; source describes a settlement-discount tax basis.,Construction / discount and settlement terms,1,local
02_joinery.pdf,1,Demo Windows Ltd,Demo Builder Ltd,IN 2003/00645,2003-02-25,2003-02-25,',',S03-034257,',2003-02-24,DEL-03/55-712,',',GBP,3,340TW,340TW / LH / Hard Stain Brass Double,',3.00,240.00,720.00,1830.00,1830.00,238.45,25.00,457.50,1635.95,1635.95,0.00,"If paid within 30 days of  Invoice Date, a prompt settlement discount of  2.5%, amount £34.94, may be deducted from the TOTAL DUE",NO,',Discount calculated from printed gross total minus printed net after discount. Printed VAT is retained; source describes a settlement-discount tax basis.,Construction / discount and settlement terms,1,local
02_joinery.pdf,1,Demo Windows Ltd,Demo Builder Ltd,IN 2003/00645,2003-02-25,2003-02-25,',',S03-034257,',2003-02-24,DEL-03/55-712,',',GBP,4,FDDR15,FDDR15 / RH / 6ft 6in Height Hard Stain Brass Safety,',1.00,110.00,110.00,1830.00,1830.00,238.45,25.00,457.50,1635.95,1635.95,0.00,"If paid within 30 days of  Invoice Date, a prompt settlement discount of  2.5%, amount £34.94, may be deducted from the TOTAL DUE",NO,',Discount calculated from printed gross total minus printed net after discount. Printed VAT is retained; source describes a settlement-discount tax basis.,Construction / discount and settlement terms,1,local
02_joinery.pdf,1,Demo Windows Ltd,Demo Builder Ltd,IN 2003/00645,2003-02-25,2003-02-25,',',S03-034257,',2003-02-24,DEL-03/55-712,',',GBP,5,HW100X50,HW100X50 / 6ft Length Hard Stain,ft,30.00,2.50,75.00,1830.00,1830.00,238.45,25.00,457.50,1635.95,1635.95,0.00,"If paid within 30 days of  Invoice Date, a prompt settlement discount of  2.5%, amount £34.94, may be deducted from the TOTAL DUE",NO,',Discount calculated from printed gross total minus printed net after discount. Printed VAT is retained; source describes a settlement-discount tax basis.,Construction / discount and settlement terms,1,local
03_services.pdf,1,DEMO - Sliced Invoices,Test Business,INV-3337,2016-01-25,"January 25, 2016",',2016-01-31,12345,',',',',',$,1,',Web Design / This is a sample description...,',1.00,85.00,85.00,85.00,85.00,8.50,0.00,0.00,93.50,93.50,0.00,Payment is due within 30 days from date of invoice. Late payment is subject to fees of 5% per month.,YES,ISO currency code not printed,"Dollar symbol is printed, but no ISO currency code; currency remains $ for review.",Services / payment terms,1,local
04_distribution.pdf,1,Northwind Traders,Rattlesnake Canyon Grocery,',',',2019-01-06,',11077,',2019-01-30,',RATTC,United Package,',1,',Chang,',24.00,19.00,456.00,"1,374.60",1374.60,0.00,8.53,0.00,1383.13,1383.13,0.00,Thank you for your purchase.,YES,Missing invoice_number; Missing date; Missing currency,"Order ID and order date are separate fields; the source does not print an invoice number, invoice date or currency.",Distribution / multipage invoice,2,local
04_distribution.pdf,1,Northwind Traders,Rattlesnake Canyon Grocery,',',',2019-01-06,',11077,',2019-01-30,',RATTC,United Package,',2,',Aniseed Syrup,',4.00,10.00,40.00,"1,374.60",1374.60,0.00,8.53,0.00,1383.13,1383.13,0.00,Thank you for your purchase.,YES,Missing invoice_number; Missing date; Missing currency,"Order ID and order date are separate fields; the source does not print an invoice number, invoice date or currency.",Distribution / multipage invoice,2,local
04_distribution.pdf,1,Northwind Traders,Rattlesnake Canyon Grocery,',',',2019-01-06,',11077,',2019-01-30,',RATTC,United Package,',3,',Chef Anton's Cajun Seasoning,',1.00,22.00,22.00,"1,374.60",1374.60,0.00,8.53,0.00,1383.13,1383.13,0.00,Thank you for your purchase.,YES,Missing invoice_number; Missing date; Missing currency,"Order ID and order date are separate fields; the source does not print an invoice number, invoice date or currency.",Distribution / multipage invoice,2,local
04_distribution.pdf,1,Northwind Traders,Rattlesnake Canyon Grocery,',',',2019-01-06,',11077,',2019-01-30,',RATTC,United Package,',4,',Grandma's Boysenberry Spread,',1.00,25.00,25.00,"1,374.60",1374.60,0.00,8.53,0.00,1383.13,1383.13,0.00,Thank you for your purchase.,YES,Missing invoice_number; Missing date; Missing currency,"Order ID and order date are separate fields; the source does not print an invoice number, invoice date or currency.",Distribution / multipage invoice,2,local
04_distribution.pdf,1,Northwind Traders,Rattlesnake Canyon Grocery,',',',2019-01-06,',11077,',2019-01-30,',RATTC,United Package,',5,',Uncle Bob's Organic Dried Pears,',1.00,30.00,30.00,"1,374.60",1374.60,0.00,8.53,0.00,1383.13,1383.13,0.00,Thank you for your purchase.,YES,Missing invoice_number; Missing date; Missing currency,"Order ID and order date are separate fields; the source does not print an invoice number, invoice date or currency.",Distribution / multipage invoice,2,local
04_distribution.pdf,1,Northwind Traders,Rattlesnake Canyon Grocery,',',',2019-01-06,',11077,',2019-01-30,',RATTC,United Package,',6,',Northwoods Cranberry Sauce,',2.00,40.00,80.00,"1,374.60",1374.60,0.00,8.53,0.00,1383.13,1383.13,0.00,Thank you for your purchase.,YES,Missing invoice_number; Missing date; Missing currency,"Order ID and order date are separate fields; the source does not print an invoice number, invoice date or currency.",Distribution / multipage invoice,2,local
04_distribution.pdf,1,Northwind Traders,Rattlesnake Canyon Grocery,',',',2019-01-06,',11077,',2019-01-30,',RATTC,United Package,',7,',Ikura,',1.00,31.00,31.00,"1,374.60",1374.60,0.00,8.53,0.00,1383.13,1383.13,0.00,Thank you for your purchase.,YES,Missing invoice_number; Missing date; Missing currency,"Order ID and order date are separate fields; the source does not print an invoice number, invoice date or currency.",Distribution / multipage invoice,2,local
04_distribution.pdf,1,Northwind Traders,Rattlesnake Canyon Grocery,',',',2019-01-06,',11077,',2019-01-30,',RATTC,United Package,',8,',Queso Manchego La Pastora,',2.00,38.00,76.00,"1,374.60",1374.60,0.00,8.53,0.00,1383.13,1383.13,0.00,Thank you for your purchase.,YES,Missing invoice_number; Missing date; Missing currency,"Order ID and order date are separate fields; the source does not print an invoice number, invoice date or currency.",Distribution / multipage invoice,2,local
04_distribution.pdf,1,Northwind Traders,Rattlesnake Canyon Grocery,',',',2019-01-06,',11077,',2019-01-30,',RATTC,United Package,',9,',Konbu,',4.00,6.00,24.00,"1,374.60",1374.60,0.00,8.53,0.00,1383.13,1383.13,0.00,Thank you for your purchase.,YES,Missing invoice_number; Missing date; Missing currency,"Order ID and order date are separate fields; the source does not print an invoice number, invoice date or currency.",Distribution / multipage invoice,2,local
04_distribution.pdf,1,Northwind Traders,Rattlesnake Canyon Grocery,',',',2019-01-06,',11077,',2019-01-30,',RATTC,United Package,',10,',Tofu,',1.00,23.25,23.25,"1,374.60",1374.60,0.00,8.53,0.00,1383.13,1383.13,0.00,Thank you for your purchase.,YES,Missing invoice_number; Missing date; Missing currency,"Order ID and order date are separate fields; the source does not print an invoice number, invoice date or currency.",Distribution / multipage invoice,2,local
04_distribution.pdf,1,Northwind Traders,Rattlesnake Canyon Grocery,',',',2019-01-06,',11077,',2019-01-30,',RATTC,United Package,',11,',Pavlova,',2.00,17.45,34.90,"1,374.60",1374.60,0.00,8.53,0.00,1383.13,1383.13,0.00,Thank you for your purchase.,YES,Missing invoice_number; Missing date; Missing currency,"Order ID and order date are separate fields; the source does not print an invoice number, invoice date or currency.",Distribution / multipage invoice,2,local
04_distribution.pdf,1,Northwind Traders,Rattlesnake Canyon Grocery,',',',2019-01-06,',11077,',2019-01-30,',RATTC,United Package,',12,',Sir Rodney's Marmalade,',1.00,81.00,81.00,"1,374.60",1374.60,0.00,8.53,0.00,1383.13,1383.13,0.00,Thank you for your purchase.,YES,Missing invoice_number; Missing date; Missing currency,"Order ID and order date are separate fields; the source does not print an invoice number, invoice date or currency.",Distribution / multipage invoice,2,local
04_distribution.pdf,1,Northwind Traders,Rattlesnake Canyon Grocery,',',',2019-01-06,',11077,',2019-01-30,',RATTC,United Package,',13,',Tunnbröd,',2.00,9.00,18.00,"1,374.60",1374.60,0.00,8.53,0.00,1383.13,1383.13,0.00,Thank you for your purchase.,YES,Missing invoice_number; Missing date; Missing currency,"Order ID and order date are separate fields; the source does not print an invoice number, invoice date or currency.",Distribution / multipage invoice,2,local
04_distribution.pdf,1,Northwind Traders,Rattlesnake Canyon Grocery,',',',2019-01-06,',11077,',2019-01-30,',RATTC,United Package,',14,',Mascarpone Fabioli,',1.00,32.00,32.00,"1,374.60",1374.60,0.00,8.53,0.00,1383.13,1383.13,0.00,Thank you for your purchase.,YES,Missing invoice_number; Missing date; Missing currency,"Order ID and order date are separate fields; the source does not print an invoice number, invoice date or currency.",Distribution / multipage invoice,2,local
04_distribution.pdf,1,Northwind Traders,Rattlesnake Canyon Grocery,',',',2019-01-06,',11077,',2019-01-30,',RATTC,United Package,',15,',Chartreuse verte,',2.00,18.00,36.00,"1,374.60",1374.60,0.00,8.53,0.00,1383.13,1383.13,0.00,Thank you for your purchase.,YES,Missing invoice_number; Missing date; Missing currency,"Order ID and order date are separate fields; the source does not print an invoice number, invoice date or currency.",Distribution / multipage invoice,2,local
04_distribution.pdf,1,Northwind Traders,Rattlesnake Canyon Grocery,',',',2019-01-06,',11077,',2019-01-30,',RATTC,United Package,',16,',Jack's New England Clam Chowder,',3.00,9.65,28.95,"1,374.60",1374.60,0.00,8.53,0.00,1383.13,1383.13,0.00,Thank you for your purchase.,YES,Missing invoice_number; Missing date; Missing currency,"Order ID and order date are separate fields; the source does not print an invoice number, invoice date or currency.",Distribution / multipage invoice,2,local
04_distribution.pdf,1,Northwind Traders,Rattlesnake Canyon Grocery,',',',2019-01-06,',11077,',2019-01-30,',RATTC,United Package,',17,',Spegesild,',3.00,12.00,36.00,"1,374.60",1374.60,0.00,8.53,0.00,1383.13,1383.13,0.00,Thank you for your purchase.,YES,Missing invoice_number; Missing date; Missing currency,"Order ID and order date are separate fields; the source does not print an invoice number, invoice date or currency.",Distribution / multipage invoice,2,local
04_distribution.pdf,1,Northwind Traders,Rattlesnake Canyon Grocery,',',',2019-01-06,',11077,',2019-01-30,',RATTC,United Package,',18,',Filo Mix,',2.00,7.00,14.00,"1,374.60",1374.60,0.00,8.53,0.00,1383.13,1383.13,0.00,Thank you for your purchase.,YES,Missing invoice_number; Missing date; Missing currency,"Order ID and order date are separate fields; the source does not print an invoice number, invoice date or currency.",Distribution / multipage invoice,2,local
04_distribution.pdf,1,Northwind Traders,Rattlesnake Canyon Grocery,',',',2019-01-06,',11077,',2019-01-30,',RATTC,United Package,',19,',Pâté chinois,',2.00,24.00,48.00,"1,374.60",1374.60,0.00,8.53,0.00,1383.13,1383.13,0.00,Thank you for your purchase.,YES,Missing invoice_number; Missing date; Missing currency,"Order ID and order date are separate fields; the source does not print an invoice number, invoice date or currency.",Distribution / multipage invoice,2,local
04_distribution.pdf,1,Northwind Traders,Rattlesnake Canyon Grocery,',',',2019-01-06,',11077,',2019-01-30,',RATTC,United Package,',20,',Camembert Pierrot,',2.00,34.00,68.00,"1,374.60",1374.60,0.00,8.53,0.00,1383.13,1383.13,0.00,Thank you for your purchase.,YES,Missing invoice_number; Missing date; Missing currency,"Order ID and order date are separate fields; the source does not print an invoice number, invoice date or currency.",Distribution / multipage invoice,2,local
04_distribution.pdf,1,Northwind Traders,Rattlesnake Canyon Grocery,',',',2019-01-06,',11077,',2019-01-30,',RATTC,United Package,',21,',Wimmers gute Semmelknödel,',2.00,33.25,66.50,"1,374.60",1374.60,0.00,8.53,0.00,1383.13,1383.13,0.00,Thank you for your purchase.,YES,Missing invoice_number; Missing date; Missing currency,"Order ID and order date are separate fields; the source does not print an invoice number, invoice date or currency.",Distribution / multipage invoice,2,local
04_distribution.pdf,2,Northwind Traders,Rattlesnake Canyon Grocery,',',',2019-01-06,',11077,',2019-01-30,',RATTC,United Package,',22,',Louisiana Hot Spiced Okra,',1.00,17.00,17.00,"1,374.60",1374.60,0.00,8.53,0.00,1383.13,1383.13,0.00,Thank you for your purchase.,YES,Missing invoice_number; Missing date; Missing currency,"Order ID and order date are separate fields; the source does not print an invoice number, invoice date or currency.",Distribution / multipage invoice,2,local
04_distribution.pdf,2,Northwind Traders,Rattlesnake Canyon Grocery,',',',2019-01-06,',11077,',2019-01-30,',RATTC,United Package,',23,',Röd Kaviar,',2.00,15.00,30.00,"1,374.60",1374.60,0.00,8.53,0.00,1383.13,1383.13,0.00,Thank you for your purchase.,YES,Missing invoice_number; Missing date; Missing currency,"Order ID and order date are separate fields; the source does not print an invoice number, invoice date or currency.",Distribution / multipage invoice,2,local
04_distribution.pdf,2,Northwind Traders,Rattlesnake Canyon Grocery,',',',2019-01-06,',11077,',2019-01-30,',RATTC,United Package,',24,',Rhönbräu Klosterbier,',4.00,7.75,31.00,"1,374.60",1374.60,0.00,8.53,0.00,1383.13,1383.13,0.00,Thank you for your purchase.,YES,Missing invoice_number; Missing date; Missing currency,"Order ID and order date are separate fields; the source does not print an invoice number, invoice date or currency.",Distribution / multipage invoice,2,local
04_distribution.pdf,2,Northwind Traders,Rattlesnake Canyon Grocery,',',',2019-01-06,',11077,',2019-01-30,',RATTC,United Package,',25,',Original Frankfurter grüne Soße,',2.00,13.00,26.00,"1,374.60",1374.60,0.00,8.53,0.00,1383.13,1383.13,0.00,Thank you for your purchase.,YES,Missing invoice_number; Missing date; Missing currency,"Order ID and order date are separate fields; the source does not print an invoice number, invoice date or currency.",Distribution / multipage invoice,2,local
05_university.pdf,1,',Sample Name,000012345,',',',2021-09-30,',',',',',',$,1,',"Meaningful description of goods purchased, or services rendered",',,,400.00,400.00,400.00,40.00,0.00,0.00,440.00,440.00,0.00,30,YES,Missing vendor; Missing date; ISO currency code not printed; Line 1: missing/invalid quantity; Line 1: missing/invalid unit_price,"Source contains supplier/date placeholders and amount-only line items; quantities and unit prices remain empty.; Dollar symbol is printed, but no ISO currency code; currency remains $ for review.",University supplier / incomplete source fields,1,local
