source_file,vendor,invoice_number,date,currency,line_number,description,quantity,unit_price,line_amount,items_sum,tax,shipping,discount,expected_total,invoice_total,difference,review_required,review_reasons,extraction_method
01_standard.pdf,Harbor Supply,HS-1001,2026-10-01,USD,1,Packing boxes,4.00,12.50,50.00,68.00,0.00,0.00,0.00,68.00,68.00,0.00,NO,',local
01_standard.pdf,Harbor Supply,HS-1001,2026-10-01,USD,2,Packing tape,6.00,3.00,18.00,68.00,0.00,0.00,0.00,68.00,68.00,0.00,NO,',local
02_with_tax.pdf,Harbor Supply,HS-1002,2026-10-02,USD,1,Storage bins,3.00,20.00,60.00,80.00,8.00,0.00,0.00,88.00,88.00,0.00,NO,',local
02_with_tax.pdf,Harbor Supply,HS-1002,2026-10-02,USD,2,Safety labels,5.00,4.00,20.00,80.00,8.00,0.00,0.00,88.00,88.00,0.00,NO,',local
03_shipping.pdf,Cedar Industrial,CD-2040,2026-10-02,USD,1,Hand tools,2.00,40.00,80.00,100.00,0.00,15.00,0.00,115.00,115.00,0.00,NO,',local
03_shipping.pdf,Cedar Industrial,CD-2040,2026-10-02,USD,2,Work gloves,4.00,5.00,20.00,100.00,0.00,15.00,0.00,115.00,115.00,0.00,NO,',local
04_discount.pdf,Cedar Industrial,CD-2041,2026-10-03,USD,1,Cable rolls,5.00,24.00,120.00,140.00,0.00,0.00,10.00,130.00,130.00,0.00,NO,',local
04_discount.pdf,Cedar Industrial,CD-2041,2026-10-03,USD,2,Clips,2.00,10.00,20.00,140.00,0.00,0.00,10.00,130.00,130.00,0.00,NO,',local
05_decimal_comma.pdf,Aster Wholesale,AW-3001,2026-10-03,EUR,1,Cartons,10.00,8.50,85.00,110.00,22.00,0.00,0.00,132.00,132.00,0.00,NO,',local
05_decimal_comma.pdf,Aster Wholesale,AW-3001,2026-10-03,EUR,2,Mailers,4.00,6.25,25.00,110.00,22.00,0.00,0.00,132.00,132.00,0.00,NO,',local
06_large_amount.pdf,Aster Wholesale,AW-3002,2026-10-04,EUR,1,Shelving unit,2.00,650.00,1300.00,1450.00,290.00,25.00,50.00,1715.00,1715.00,0.00,NO,',local
06_large_amount.pdf,Aster Wholesale,AW-3002,2026-10-04,EUR,2,Assembly kit,1.00,150.00,150.00,1450.00,290.00,25.00,50.00,1715.00,1715.00,0.00,NO,',local
07_total_mismatch.pdf,Harbor Supply,HS-1003,2026-10-04,USD,1,Packing boxes,4.00,12.50,50.00,68.00,0.00,0.00,0.00,68.00,75.00,7.00,YES,Printed total differs from items + tax + shipping − discount,local
07_total_mismatch.pdf,Harbor Supply,HS-1003,2026-10-04,USD,2,Packing tape,6.00,3.00,18.00,68.00,0.00,0.00,0.00,68.00,75.00,7.00,YES,Printed total differs from items + tax + shipping − discount,local
08_line_mismatch.pdf,Cedar Industrial,CD-2042,2026-10-04,USD,1,Hand tools,2.00,40.00,90.00,110.00,0.00,0.00,0.00,110.00,110.00,0.00,YES,Line 1: quantity × unit price differs from printed amount,local
08_line_mismatch.pdf,Cedar Industrial,CD-2042,2026-10-04,USD,2,Work gloves,4.00,5.00,20.00,110.00,0.00,0.00,0.00,110.00,110.00,0.00,YES,Line 1: quantity × unit price differs from printed amount,local
09_missing_date.pdf,Aster Wholesale,AW-3003,',EUR,1,Cartons,10.00,8.50,85.00,110.00,0.00,0.00,0.00,110.00,110.00,0.00,YES,Missing date,local
09_missing_date.pdf,Aster Wholesale,AW-3003,',EUR,2,Mailers,4.00,6.25,25.00,110.00,0.00,0.00,0.00,110.00,110.00,0.00,YES,Missing date,local
10_scanned.pdf,',',',',',',,,,,,,,,,,YES,No PDF text: scan needs AI vision or OCR,local
